id,name
Q122744,Maida Vale
Q2011497,Wilmslow
Q145,United Kingdom
Q2917451,Querétaro
Q639408,Waterloo
Q16,Canada
Q61,"Washington, D.C."
Q579848,Hudson
Q30,United States
Q2304852,Rotherfield Peppard
Q34217,Oxford
Q1661840,Podanur
Q23287,West Sussex
Q84,London
Q586070,Radford
Q384692,Bay Shore
Q60,New York City
Q18655,Stockport
Q971223,Buxton
Q122744,Maida Vale
Q2011497,Wilmslow
Q145,United Kingdom
Q2917451,Querétaro
Q639408,Waterloo
Q16,Canada
Q61,"Washington, D.C."
Q579848,Hudson
Q30,United States
Q2304852,Rotherfield Peppard
Q34217,Oxford
Q1661840,Podanur
Q23287,West Sussex
Q84,London
Q586070,Radford
Q384692,Bay Shore
Q60,New York City
Q18655,Stockport
Q971223,Buxton
Q122744,Maida Vale
Q2011497,Wilmslow
Q145,United Kingdom
Q2917451,Querétaro
Q639408,Waterloo
Q16,Canada
Q61,"Washington, D.C."
Q579848,Hudson
Q30,United States
Q2304852,Rotherfield Peppard
Q34217,Oxford
Q1661840,Podanur
Q23287,West Sussex
Q84,London
Q586070,Radford
Q384692,Bay Shore
Q60,New York City
Q18655,Stockport
Q971223,Buxton
Q122744,Maida Vale
Q2011497,Wilmslow
Q145,United Kingdom
Q2917451,Querétaro
Q639408,Waterloo
Q16,Canada
Q61,"Washington, D.C."
Q579848,Hudson
Q30,United States
Q2304852,Rotherfield Peppard
Q34217,Oxford
Q1661840,Podanur
Q23287,West Sussex
Q84,London
Q586070,Radford
Q384692,Bay Shore
Q60,New York City
Q18655,Stockport
Q971223,Buxton
Q122744,Maida Vale
Q2011497,Wilmslow
Q145,United Kingdom
Q2917451,Querétaro
Q639408,Waterloo
Q16,Canada
Q61,"Washington, D.C."
Q579848,Hudson
Q30,United States
Q2304852,Rotherfield Peppard
Q34217,Oxford
Q1661840,Podanur
Q23287,West Sussex
Q84,London
Q586070,Radford
Q384692,Bay Shore
Q60,New York City
Q18655,Stockport
Q971223,Buxton
Q122744,Maida Vale
Q2011497,Wilmslow
Q145,United Kingdom
Q2917451,Querétaro
Q639408,Waterloo
Q16,Canada
Q61,"Washington, D.C."
Q579848,Hudson
Q30,United States
Q2304852,Rotherfield Peppard
Q34217,Oxford
Q1661840,Podanur
Q23287,West Sussex
Q84,London
Q586070,Radford
Q384692,Bay Shore
Q60,New York City
Q18655,Stockport
Q971223,Buxton
Q122744,Maida Vale
Q2011497,Wilmslow
Q145,United Kingdom
Q2917451,Querétaro
Q639408,Waterloo
Q16,Canada
Q61,"Washington, D.C."
Q579848,Hudson
Q30,United States
Q2304852,Rotherfield Peppard
Q34217,Oxford
Q1661840,Podanur
Q23287,West Sussex
Q84,London
Q586070,Radford
Q384692,Bay Shore
Q60,New York City
Q18655,Stockport
Q971223,Buxton
Q122744,Maida Vale
Q2011497,Wilmslow
Q145,United Kingdom
Q2917451,Querétaro
Q639408,Waterloo
Q16,Canada
Q61,"Washington, D.C."
Q579848,Hudson
Q30,United States
Q2304852,Rotherfield Peppard
Q34217,Oxford
Q1661840,Podanur
Q23287,West Sussex
Q84,London
Q586070,Radford
Q384692,Bay Shore
Q60,New York City
Q18655,Stockport
Q971223,Buxton
Q122744,Maida Vale
Q2011497,Wilmslow
Q145,United Kingdom
Q2917451,Querétaro
Q639408,Waterloo
Q16,Canada
Q61,"Washington, D.C."
Q579848,Hudson
Q30,United States
Q2304852,Rotherfield Peppard
Q34217,Oxford
Q1661840,Podanur
Q23287,West Sussex
Q84,London
Q586070,Radford
Q384692,Bay Shore
Q60,New York City
Q18655,Stockport
Q971223,Buxton
Q122744,Maida Vale
Q2011497,Wilmslow
Q145,United Kingdom
Q2917451,Querétaro
Q639408,Waterloo
Q16,Canada
Q61,"Washington, D.C."
Q579848,Hudson
Q30,United States
Q2304852,Rotherfield Peppard
Q34217,Oxford
Q1661840,Podanur
Q23287,West Sussex
Q84,London
Q586070,Radford
Q384692,Bay Shore
Q60,New York City
Q18655,Stockport
Q971223,Buxton
Q122744,Maida Vale
Q2011497,Wilmslow
Q145,United Kingdom
Q2917451,Querétaro
Q639408,Waterloo
Q16,Canada
Q61,"Washington, D.C."
Q579848,Hudson
Q30,United States
Q2304852,Rotherfield Peppard
Q34217,Oxford
Q1661840,Podanur
Q23287,West Sussex
Q84,London
Q586070,Radford
Q384692,Bay Shore
Q60,New York City
Q18655,Stockport
Q971223,Buxton
Q122744,Maida Vale
Q2011497,Wilmslow
Q145,United Kingdom
Q2917451,Querétaro
Q639408,Waterloo
Q16,Canada
Q61,"Washington, D.C."
Q579848,Hudson
Q30,United States
Q2304852,Rotherfield Peppard
Q34217,Oxford
Q1661840,Podanur
Q23287,West Sussex
Q84,London
Q586070,Radford
Q384692,Bay Shore
Q60,New York City
Q18655,Stockport
Q971223,Buxton
Q122744,Maida Vale
Q2011497,Wilmslow
Q145,United Kingdom
Q2917451,Querétaro
Q639408,Waterloo
Q16,Canada
Q61,"Washington, D.C."
Q579848,Hudson
Q30,United States
Q2304852,Rotherfield Peppard
Q34217,Oxford
Q1661840,Podanur
Q23287,West Sussex
Q84,London
Q586070,Radford
Q384692,Bay Shore
Q60,New York City
Q18655,Stockport
Q971223,Buxton
Q122744,Maida Vale
Q2011497,Wilmslow
Q145,United Kingdom
Q2917451,Querétaro
Q639408,Waterloo
Q16,Canada
Q61,"Washington, D.C."
Q579848,Hudson
Q30,United States
Q2304852,Rotherfield Peppard
Q34217,Oxford
Q1661840,Podanur
Q23287,West Sussex
Q84,London
Q586070,Radford
Q384692,Bay Shore
Q60,New York City
Q18655,Stockport
Q971223,Buxton
Q122744,Maida Vale
Q2011497,Wilmslow
Q145,United Kingdom
Q2917451,Querétaro
Q639408,Waterloo
Q16,Canada
Q61,"Washington, D.C."
Q579848,Hudson
Q30,United States
Q2304852,Rotherfield Peppard
Q34217,Oxford
Q1661840,Podanur
Q23287,West Sussex
Q84,London
Q586070,Radford
Q384692,Bay Shore
Q60,New York City
Q18655,Stockport
Q971223,Buxton
